way_id,name,operator,gauge,electrified,maxspeed,usage,service
772266514,Línia d'alta velocitat Madrid - Zaragoza - Barcelona - Frontera francesa,Adif,1435,contact_line,30,main,
864161834,Línia d'alta velocitat Madrid - Zaragoza - Barcelona - Frontera francesa,Adif,1435,contact_line,30,main,
656075744,Línia d'alta velocitat Madrid - Zaragoza - Barcelona - Frontera francesa,Adif,1435,contact_line,30,main,
656075742,Línia d'alta velocitat Madrid - Zaragoza - Barcelona - Frontera francesa,Adif,1435,contact_line,80,main,
184471374,Línia d'alta velocitat Madrid - Zaragoza - Barcelona - Frontera francesa,Adif,1435,contact_line,140,main,
810833111,Línia d'alta velocitat Madrid - Zaragoza - Barcelona - Frontera francesa,Adif,1435,contact_line,140,main,
810833109,Túnel de l'Eixample,Adif,1435,contact_line,140,main,
656075739,Túnel de l'Eixample,Adif,1435,contact_line,60,main,
1313001772,Túnel de l'Eixample,Adif,1435,contact_line,60,main,
829719540,Túnel de l'Eixample,Adif,1435,contact_line,110,main,
302732199,Túnel de l'Eixample,Adif,1435,contact_line,110,main,
1047603805,LAV Madrid-Barcelona-Frontera francesa,Adif,1435,contact_line,130,main,
1047603807,LAV Madrid-Barcelona-Frontera francesa,Adif,1435,contact_line,130,main,
184471379,LAV Madrid-Barcelona-Frontera francesa,Adif,1435,contact_line,130,main,
1487596226,LAV Madrid-Barcelona-Frontera francesa,Adif,1435,contact_line,130,main,
1487596225,LAV Madrid-Barcelona-Frontera francesa,Adif,1435,contact_line,130,main,
1487589387,LAV Madrid-Barcelona-Frontera francesa,Adif,1435,contact_line,130,main,
1487596218,LAV Madrid-Barcelona-Frontera francesa,Adif,1435,contact_line,130,main,
1487596217,LAV Madrid-Barcelona-Frontera francesa,Adif,1435,contact_line,130,main,
1487596212,LAV Madrid-Barcelona-Frontera francesa,Adif,1435,contact_line,130,main,
1487596211,LAV Madrid-Barcelona-Frontera francesa,Adif,1435,contact_line,130,main,
1487589386,LAV Madrid-Barcelona-Frontera francesa,Adif,1435,contact_line,130,main,
184339153,LAV Madrid-Barcelona-Frontera francesa,Adif,1435,contact_line,130,main,
295009012,LAV Madrid-Barcelona-Frontera francesa,Adif,1435,contact_line,130,main,
656078002,LAV Madrid-Barcelona-Frontera francesa,Adif,1435,contact_line,130,main,
184471373,LAV Madrid-Barcelona-Frontera francesa,Adif,1435,contact_line,200,main,
656078004,Línia d'alta velocitat Madrid - Zaragoza - Barcelona - Frontera francesa,Adif,1435,contact_line,220,main,
224101224,Línia d'alta velocitat Madrid - Zaragoza - Barcelona - Frontera francesa,Adif,1435,contact_line,220,main,
224101223,Línia d'alta velocitat Madrid - Zaragoza - Barcelona - Frontera francesa,Adif,1435,contact_line,220,main,
194064981,Línia d'alta velocitat Madrid - Zaragoza - Barcelona - Frontera francesa,Adif,1435,contact_line,220,main,
656078006,Línia d'alta velocitat Madrid - Zaragoza - Barcelona - Frontera francesa,Adif,1435,contact_line,220,main,
194064982,Línia d'alta velocitat Madrid - Zaragoza - Barcelona - Frontera francesa,Adif,1435,contact_line,220,main,
152548394,Línia d'alta velocitat Madrid - Zaragoza - Barcelona - Frontera francesa,Adif,1435,contact_line,220,main,
152548410,Línia d'alta velocitat Madrid - Zaragoza - Barcelona - Frontera francesa,Adif,1435,contact_line,220,main,
152548399,Línia d'alta velocitat Madrid - Zaragoza - Barcelona - Frontera francesa,Adif,1435,contact_line,185,main,
152548427,Línia d'alta velocitat Madrid - Zaragoza - Barcelona - Frontera francesa,Adif,1435,contact_line,185,main,
295009006,Línia d'alta velocitat Madrid - Zaragoza - Barcelona - Frontera francesa,Adif,1435,contact_line,185,main,
189593072,Línia d'alta velocitat Madrid - Zaragoza - Barcelona - Frontera francesa,Adif,1435,contact_line,185,main,
189593066,Línia d'alta velocitat Madrid - Zaragoza - Barcelona - Frontera francesa,Adif,1435,contact_line,185,main,
656078008,Línia d'alta velocitat Madrid - Zaragoza - Barcelona - Frontera francesa,Adif,1435,contact_line,195,main,
152548422,Línia d'alta velocitat Madrid - Zaragoza - Barcelona - Frontera francesa,Adif,1435,contact_line,195,main,
152548425,Línia d'alta velocitat Madrid - Zaragoza - Barcelona - Frontera francesa,Adif,1435,contact_line,195,main,
656079793,Línia d'alta velocitat Madrid - Zaragoza - Barcelona - Frontera francesa,Adif,1435,contact_line,195,main,
152548406,Línia d'alta velocitat Madrid - Zaragoza - Barcelona - Frontera francesa,Adif,1435,contact_line,220,main,
152548413,Línia d'alta velocitat Madrid - Zaragoza - Barcelona - Frontera francesa,Adif,1435,contact_line,220,main,
200252793,Línia d'alta velocitat Madrid - Zaragoza - Barcelona - Frontera francesa,Adif,1435,contact_line,220,main,
200252796,Línia d'alta velocitat Madrid - Zaragoza - Barcelona - Frontera francesa,Adif,1435,contact_line,220,main,
200252795,Túnel de Montornès I,Adif,1435,contact_line,220,main,
200252792,Línia d'alta velocitat Madrid - Zaragoza - Barcelona - Frontera francesa,Adif,1435,contact_line,220,main,
200252794,Túnel de Montornès II,Adif,1435,contact_line,220,main,
200252791,Línia d'alta velocitat Madrid - Zaragoza - Barcelona - Frontera francesa,Adif,1435,contact_line,220,main,
224022881,Línia d'alta velocitat Madrid - Zaragoza - Barcelona - Frontera francesa,Adif,1435,contact_line,220,main,
224022871,Línia d'alta velocitat Madrid - Zaragoza - Barcelona - Frontera francesa,Adif,1435,contact_line,220,main,
326787083,Línia d'alta velocitat Madrid - Zaragoza - Barcelona - Frontera francesa,Adif,1435,contact_line,220,main,
326787085,Línia d'alta velocitat Madrid - Zaragoza - Barcelona - Frontera francesa,Adif,1435,contact_line,220,main,
224022874,Línia d'alta velocitat Madrid - Zaragoza - Barcelona - Frontera francesa,Adif,1435,contact_line,220,main,
224022888,Línia d'alta velocitat Madrid - Zaragoza - Barcelona - Frontera francesa,Adif,1435,contact_line,220,main,
224022872,Línia d'alta velocitat Madrid - Zaragoza - Barcelona - Frontera francesa,Adif,1435,contact_line,220,main,
224022873,Línia d'alta velocitat Madrid - Zaragoza - Barcelona - Frontera francesa,Adif,1435,contact_line,220,main,
181882512,Línia d'alta velocitat Madrid - Zaragoza - Barcelona - Frontera francesa,Adif,1435,contact_line,220,main,
181882503,Línia d'alta velocitat Madrid - Zaragoza - Barcelona - Frontera francesa,Adif,1435,contact_line,220,main,
224020244,Línia d'alta velocitat Madrid - Zaragoza - Barcelona - Frontera francesa,Adif,1435,contact_line,220,main,
224020235,Línia d'alta velocitat Madrid - Zaragoza - Barcelona - Frontera francesa,Adif,1435,contact_line,220,main,
224020227,Línia d'alta velocitat Madrid - Zaragoza - Barcelona - Frontera francesa,Adif,1435,contact_line,220,main,
656079792,Línia d'alta velocitat Madrid - Zaragoza - Barcelona - Frontera francesa,Adif,1435,contact_line,220,main,
224020222,Línia d'alta velocitat Madrid - Zaragoza - Barcelona - Frontera francesa,Adif,1435,contact_line,245,main,
286298483,Línia d'alta velocitat Madrid - Zaragoza - Barcelona - Frontera francesa,Adif,1435,contact_line,240,main,
286298485,Línia d'alta velocitat Madrid - Zaragoza - Barcelona - Frontera francesa,Adif,1435,contact_line,255,main,
42377130,Línia d'alta velocitat Madrid - Zaragoza - Barcelona - Frontera francesa,Adif,1435,contact_line,255,main,
42377131,Línia d'alta velocitat Madrid - Zaragoza - Barcelona - Frontera francesa,Adif,1435,contact_line,255,main,
42377132,Línia d'alta velocitat Madrid - Zaragoza - Barcelona - Frontera francesa,Adif,1435,contact_line,255,main,
42377134,Línia d'alta velocitat Madrid - Zaragoza - Barcelona - Frontera francesa,Adif,1435,contact_line,255,main,
42377138,Línia d'alta velocitat Madrid - Zaragoza - Barcelona - Frontera francesa,Adif,1435,contact_line,255,main,
42377139,Línia d'alta velocitat Madrid - Zaragoza - Barcelona - Frontera francesa,Adif,1435,contact_line,255,main,
42377140,Línia d'alta velocitat Madrid - Zaragoza - Barcelona - Frontera francesa,Adif,1435,contact_line,255,main,
42377141,Línia d'alta velocitat Madrid - Zaragoza - Barcelona - Frontera francesa,Adif,1435,contact_line,,main,
42377142,Línia d'alta velocitat Madrid - Zaragoza - Barcelona - Frontera francesa,Adif,1435,contact_line,250,main,
42377143,Línia d'alta velocitat Madrid - Zaragoza - Barcelona - Frontera francesa,Adif,1435,contact_line,255,main,
42377144,Línia d'alta velocitat Madrid - Zaragoza - Barcelona - Frontera francesa,Adif,1435,contact_line,220,main,
224018806,Línia d'alta velocitat Madrid - Zaragoza - Barcelona - Frontera francesa,Adif,1435,contact_line,255,main,
224018818,Línia d'alta velocitat Madrid - Zaragoza - Barcelona - Frontera francesa,Adif,1435,contact_line,255,main,
42377148,Línia d'alta velocitat Madrid - Zaragoza - Barcelona - Frontera francesa,Adif,1435,contact_line,255,main,
42377149,Línia d'alta velocitat Madrid - Zaragoza - Barcelona - Frontera francesa,Adif,1435,contact_line,255,main,
42377653,Línia d'alta velocitat Madrid - Zaragoza - Barcelona - Frontera francesa,Adif,1435,contact_line,255,main,
42377655,Línia d'alta velocitat Madrid - Zaragoza - Barcelona - Frontera francesa,Adif,1435,contact_line,255,main,
42377657,Línia d'alta velocitat Madrid - Zaragoza - Barcelona - Frontera francesa,Adif,1435,contact_line,255,main,
42377659,Línia d'alta velocitat Madrid - Zaragoza - Barcelona - Frontera francesa,Adif,1435,contact_line,255,main,
42377660,Línia d'alta velocitat Madrid - Zaragoza - Barcelona - Frontera francesa,Adif,1435,contact_line,255,main,
42377661,Línia d'alta velocitat Madrid - Zaragoza - Barcelona - Frontera francesa,Adif,1435,contact_line,255,main,
42377663,Línia d'alta velocitat Madrid - Zaragoza - Barcelona - Frontera francesa,Adif,1435,contact_line,255,main,
42377664,Línia d'alta velocitat Madrid - Zaragoza - Barcelona - Frontera francesa,Adif,1435,contact_line,255,main,
42377665,Línia d'alta velocitat Madrid - Zaragoza - Barcelona - Frontera francesa,Adif,1435,contact_line,255,main,
42377667,Línia d'alta velocitat Madrid - Zaragoza - Barcelona - Frontera francesa,Adif,1435,contact_line,255,main,
42377669,Línia d'alta velocitat Madrid - Zaragoza - Barcelona - Frontera francesa,Adif,1435,contact_line,255,main,
42377674,Línia d'alta velocitat Madrid - Zaragoza - Barcelona - Frontera francesa,Adif,1435,contact_line,255,main,
42377675,Línia d'alta velocitat Madrid - Zaragoza - Barcelona - Frontera francesa,Adif,1435,contact_line,255,main,
42377677,Línia d'alta velocitat Madrid - Zaragoza - Barcelona - Frontera francesa,Adif,1435,contact_line,255,main,
42377678,Línia d'alta velocitat Madrid - Zaragoza - Barcelona - Frontera francesa,Adif,1435,contact_line,255,main,
42377680,Línia d'alta velocitat Madrid - Zaragoza - Barcelona - Frontera francesa,Adif,1435,contact_line,255,main,
42377681,Línia d'alta velocitat Madrid - Zaragoza - Barcelona - Frontera francesa,Adif,1435,contact_line,255,main,
42377683,Línia d'alta velocitat Madrid - Zaragoza - Barcelona - Frontera francesa,Adif,1435,contact_line,255,main,
42377685,Línia d'alta velocitat Madrid - Zaragoza - Barcelona - Frontera francesa,Adif,1435,contact_line,255,main,
42377686,Línia d'alta velocitat Madrid - Zaragoza - Barcelona - Frontera francesa,Adif,1435,contact_line,255,main,
42377687,Línia d'alta velocitat Madrid - Zaragoza - Barcelona - Frontera francesa,Adif,1435,contact_line,255,main,
42377689,Línia d'alta velocitat Madrid - Zaragoza - Barcelona - Frontera francesa,Adif,1435,contact_line,255,main,
42377690,Línia d'alta velocitat Madrid - Zaragoza - Barcelona - Frontera francesa,Adif,1435,contact_line,255,main,
42377691,Línia d'alta velocitat Madrid - Zaragoza - Barcelona - Frontera francesa,Adif,1435,contact_line,245,main,
42377693,Línia d'alta velocitat Madrid - Zaragoza - Barcelona - Frontera francesa,Adif,1435,contact_line,245,main,
111495983,Línia d'alta velocitat Madrid - Zaragoza - Barcelona - Frontera francesa,Adif,1435,contact_line,245,main,
111495979,Línia d'alta velocitat Madrid - Zaragoza - Barcelona - Frontera francesa,Adif,1435,contact_line,245,main,
42378100,Línia d'alta velocitat Madrid - Zaragoza - Barcelona - Frontera francesa,Adif,1435,contact_line,245,main,
42378101,Línia d'alta velocitat Madrid - Zaragoza - Barcelona - Frontera francesa,Adif,1435,contact_line,245,main,
42378102,Línia d'alta velocitat Madrid - Zaragoza - Barcelona - Frontera francesa,Adif,1435,contact_line,245,main,
42378103,Línia d'alta velocitat Madrid - Zaragoza - Barcelona - Frontera francesa,Adif,1435,contact_line,245,main,
656327522,Línia d'alta velocitat Madrid - Zaragoza - Barcelona - Frontera francesa,Adif,1435,contact_line,225,main,
42378104,Línia d'alta velocitat Madrid - Zaragoza - Barcelona - Frontera francesa,Adif,1435,contact_line,225,main,
390134892,Línia d'alta velocitat Madrid - Zaragoza - Barcelona - Frontera francesa,Adif,1435,contact_line,225,main,
42378105,Línia d'alta velocitat Madrid - Zaragoza - Barcelona - Frontera francesa,Adif,1435,contact_line,160,main,
42378107,Línia d'alta velocitat Madrid - Zaragoza - Barcelona - Frontera francesa,Adif,1435,contact_line,225,main,
42378108,Línia d'alta velocitat Madrid - Zaragoza - Barcelona - Frontera francesa,Adif,1435,contact_line,225,main,
42378109,Línia d'alta velocitat Madrid - Zaragoza - Barcelona - Frontera francesa,Adif,1435,contact_line,225,main,
42377129,Línia d'alta velocitat Madrid - Zaragoza - Barcelona - Frontera francesa,Adif,1435,contact_line,225,main,
42377128,Línia d'alta velocitat Madrid - Zaragoza - Barcelona - Frontera francesa,Adif,1435,contact_line,225,main,
42377127,Línia d'alta velocitat Madrid - Zaragoza - Barcelona - Frontera francesa,Adif,1435,contact_line,225,main,
656321600,Línia d'alta velocitat Madrid - Zaragoza - Barcelona - Frontera francesa,Adif,1435,contact_line,225,main,
223964179,Línia d'alta velocitat Madrid - Zaragoza - Barcelona - Frontera francesa,Adif,1435,contact_line,245,main,
890976072,Línia d'alta velocitat Madrid - Zaragoza - Barcelona - Frontera francesa,Adif,1435,contact_line,245,main,
890976071,Línia d'alta velocitat Madrid - Zaragoza - Barcelona - Frontera francesa,Adif,1435,contact_line,245,main,
223964177,Línia d'alta velocitat Madrid - Zaragoza - Barcelona - Frontera francesa,Adif,1435,contact_line,245,main,
42380092,Línia d'alta velocitat Madrid - Zaragoza - Barcelona - Frontera francesa,Adif,1435,contact_line,245,main,
42380093,Línia d'alta velocitat Madrid - Zaragoza - Barcelona - Frontera francesa,Adif,1435,contact_line,245,main,
42380094,Línia d'alta velocitat Madrid - Zaragoza - Barcelona - Frontera francesa,Adif,1435,contact_line,245,main,
42380095,Línia d'alta velocitat Madrid - Zaragoza - Barcelona - Frontera francesa,Adif,1435,contact_line,245,main,
42380096,Línia d'alta velocitat Madrid - Zaragoza - Barcelona - Frontera francesa,Adif,1435,contact_line,245,main,
42380097,Línia d'alta velocitat Madrid - Zaragoza - Barcelona - Frontera francesa,Adif,1435,contact_line,245,main,
42380098,Línia d'alta velocitat Madrid - Zaragoza - Barcelona - Frontera francesa,Adif,1435,contact_line,245,main,
656321601,Línia d'alta velocitat Madrid - Zaragoza - Barcelona - Frontera francesa,Adif,1435,contact_line,245,main,
656321609,Línia d'alta velocitat Madrid - Zaragoza - Barcelona - Frontera francesa,Adif,1435,contact_line,245,main,
42380099,Línia d'alta velocitat Madrid - Zaragoza - Barcelona - Frontera francesa,Adif,1435,contact_line,245,main,
42380100,Línia d'alta velocitat Madrid - Zaragoza - Barcelona - Frontera francesa,Adif,1435,contact_line,245,main,
42380101,Línia d'alta velocitat Madrid - Zaragoza - Barcelona - Frontera francesa,Adif,1435,contact_line,245,main,
42380102,Línia d'alta velocitat Madrid - Zaragoza - Barcelona - Frontera francesa,Adif,1435,contact_line,245,main,
42380103,Línia d'alta velocitat Madrid - Zaragoza - Barcelona - Frontera francesa,Adif,1435,contact_line,245,main,
42380104,Línia d'alta velocitat Madrid - Zaragoza - Barcelona - Frontera francesa,Adif,1435,contact_line,245,main,
42380105,Línia d'alta velocitat Madrid - Zaragoza - Barcelona - Frontera francesa,Adif,1435,contact_line,245,main,
290487009,Línia d'alta velocitat Madrid - Zaragoza - Barcelona - Frontera francesa,Adif,1435,contact_line,245,main,
290487013,Línia d'alta velocitat Madrid - Zaragoza - Barcelona - Frontera francesa,Adif,1435,contact_line,245,main,
42380106,Línia d'alta velocitat Madrid - Zaragoza - Barcelona - Frontera francesa,Adif,1435,contact_line,245,main,
42380107,Línia d'alta velocitat Madrid - Zaragoza - Barcelona - Frontera francesa,Adif,1435,contact_line,245,main,
42380108,Línia d'alta velocitat Madrid - Zaragoza - Barcelona - Frontera francesa,Adif,1435,contact_line,245,main,
42380109,Línia d'alta velocitat Madrid - Zaragoza - Barcelona - Frontera francesa,Adif,1435,contact_line,245,main,
42380110,Línia d'alta velocitat Madrid - Zaragoza - Barcelona - Frontera francesa,Adif,1435,contact_line,245,main,
42380111,Línia d'alta velocitat Madrid - Zaragoza - Barcelona - Frontera francesa,Adif,1435,contact_line,245,main,
42380113,Línia d'alta velocitat Madrid - Zaragoza - Barcelona - Frontera francesa,Adif,1435,contact_line,245,main,
42380114,Línia d'alta velocitat Madrid - Zaragoza - Barcelona - Frontera francesa,Adif,1435,contact_line,245,main,
200179822,AVE Barcelona - França,Adif,1435,contact_line,245,main,
200177955,Línia d'alta velocitat Madrid - Zaragoza - Barcelona - Frontera francesa,Adif,1435,contact_line,245,main,
200177950,Línia d'alta velocitat Madrid - Zaragoza - Barcelona - Frontera francesa,Adif,1435,contact_line,245,main,
200177954,Línia d'alta velocitat Madrid - Zaragoza - Barcelona - Frontera francesa,Adif,1435,contact_line,245,main,
200177952,Línia d'alta velocitat Madrid - Zaragoza - Barcelona - Frontera francesa,Adif,1435,contact_line,245,main,
656316205,Línia d'alta velocitat Madrid - Zaragoza - Barcelona - Frontera francesa,Adif,1435,contact_line,245,main,
200177948,Línia d'alta velocitat Madrid - Zaragoza - Barcelona - Frontera francesa,Adif,1435,contact_line,220,main,
200177949,Línia d'alta velocitat Madrid - Zaragoza - Barcelona - Frontera francesa,Adif,1435,contact_line,220,main,
200177951,Línia d'alta velocitat Madrid - Zaragoza - Barcelona - Frontera francesa,Adif,1435,contact_line,220,main,
200177953,Línia d'alta velocitat Madrid - Zaragoza - Barcelona - Frontera francesa,Adif,1435,contact_line,220,main,
656316207,Línia d'alta velocitat Madrid - Zaragoza - Barcelona - Frontera francesa,Adif,1435,contact_line,220,main,
932562045,Línia d'alta velocitat Madrid - Zaragoza - Barcelona - Frontera francesa,Adif,1435,contact_line,125,main,
200174439,Línia d'alta velocitat Madrid - Zaragoza - Barcelona - Frontera francesa,Adif,1435,contact_line,125,main,
386127903,Línia d'alta velocitat Madrid - Zaragoza - Barcelona - Frontera francesa,Adif,1435,contact_line,125,main,
656316210,Línia d'alta velocitat Madrid - Zaragoza - Barcelona - Frontera francesa,Adif,1435,contact_line,120,main,
802720615,Línia d'alta velocitat Madrid - Zaragoza - Barcelona - Frontera francesa,Adif,1435,contact_line,120,main,
802720599,Línia d'alta velocitat Madrid - Zaragoza - Barcelona - Frontera francesa,Adif,1435,contact_line,120,main,
802720613,Línia d'alta velocitat Madrid - Zaragoza - Barcelona - Frontera francesa,Adif,1435,contact_line,120,main,
802720606,Línia d'alta velocitat Madrid - Zaragoza - Barcelona - Frontera francesa,Adif,1435,contact_line,120,main,
802690820,Línia d'alta velocitat Madrid - Zaragoza - Barcelona - Frontera francesa,Adif,1435,contact_line,120,main,
802690817,Línia d'alta velocitat Madrid - Zaragoza - Barcelona - Frontera francesa,Adif,1435,contact_line,165,main,
200155392,Línia d'alta velocitat Madrid - Zaragoza - Barcelona - Frontera francesa,Adif,1435,contact_line,220,main,
200155397,Línia d'alta velocitat Madrid - Zaragoza - Barcelona - Frontera francesa,Adif,1435,contact_line,220,main,
200155393,Línia d'alta velocitat Madrid - Zaragoza - Barcelona - Frontera francesa,Adif,1435,contact_line,265,main,
200155396,Línia d'alta velocitat Madrid - Zaragoza - Barcelona - Frontera francesa,Adif,1435,contact_line,265,main,
200155394,Línia d'alta velocitat Madrid - Zaragoza - Barcelona - Frontera francesa,Adif,1435,contact_line,265,main,
174281386,Línia d'alta velocitat Madrid - Zaragoza - Barcelona - Frontera francesa,Adif,1435,contact_line,265,main,
174281343,Línia d'alta velocitat Madrid - Zaragoza - Barcelona - Frontera francesa,Adif,1435,contact_line,265,main,
54373243,Línia d'alta velocitat Madrid - Zaragoza - Barcelona - Frontera francesa,Adif,1435,contact_line,265,main,
54373246,Línia d'alta velocitat Madrid - Zaragoza - Barcelona - Frontera francesa,Adif,1435,contact_line,265,main,
174281373,Línia d'alta velocitat Madrid - Zaragoza - Barcelona - Frontera francesa,Adif,1435,contact_line,265,main,
174281316,Línia d'alta velocitat Madrid - Zaragoza - Barcelona - Frontera francesa,Adif,1435,contact_line,265,main,
174281332,Línia d'alta velocitat Madrid - Zaragoza - Barcelona - Frontera francesa,Adif,1435,contact_line,290,main,
174281401,Línia d'alta velocitat Madrid - Zaragoza - Barcelona - Frontera francesa,Adif,1435,contact_line,290,main,
174281318,Línia d'alta velocitat Madrid - Zaragoza - Barcelona - Frontera francesa,Adif,1435,contact_line,290,main,
174281354,Línia d'alta velocitat Madrid - Zaragoza - Barcelona - Frontera francesa,Adif,1435,contact_line,290,main,
174281352,Línia d'alta velocitat Madrid - Zaragoza - Barcelona - Frontera francesa,Adif,1435,contact_line,290,main,
174281381,Línia d'alta velocitat Madrid - Zaragoza - Barcelona - Frontera francesa,Adif,1435,contact_line,290,main,
54373242,Línia d'alta velocitat Madrid - Zaragoza - Barcelona - Frontera francesa,Adif,1435,contact_line,290,main,
54373248,Línia d'alta velocitat Madrid - Zaragoza - Barcelona - Frontera francesa,Adif,1435,contact_line,290,main,
174281361,Línia d'alta velocitat Madrid - Zaragoza - Barcelona - Frontera francesa,Adif,1435,contact_line,290,main,
174281330,Línia d'alta velocitat Madrid - Zaragoza - Barcelona - Frontera francesa,Adif,1435,contact_line,290,main,
174281329,Línia d'alta velocitat Madrid - Zaragoza - Barcelona - Frontera francesa,Adif,1435,contact_line,290,main,
174281338,Línia d'alta velocitat Madrid - Zaragoza - Barcelona - Frontera francesa,Adif,1435,contact_line,290,main,
174281387,Línia d'alta velocitat Madrid - Zaragoza - Barcelona - Frontera francesa,Adif,1435,contact_line,290,main,
174281396,Línia d'alta velocitat Madrid - Zaragoza - Barcelona - Frontera francesa,Adif,1435,contact_line,290,main,
80255021,Línia d'alta velocitat Madrid - Zaragoza - Barcelona - Frontera francesa,Adif,1435,contact_line,290,main,
80255024,Línia d'alta velocitat Madrid - Zaragoza - Barcelona - Frontera francesa,Adif,1435,contact_line,290,main,
174281399,Línia d'alta velocitat Madrid - Zaragoza - Barcelona - Frontera francesa,Adif,1435,contact_line,290,main,
174281312,Línia d'alta velocitat Madrid - Zaragoza - Barcelona - Frontera francesa,Adif,1435,contact_line,290,main,
174281360,Línia d'alta velocitat Madrid - Zaragoza - Barcelona - Frontera francesa,Adif,1435,contact_line,290,main,
174281347,Línia d'alta velocitat Madrid - Zaragoza - Barcelona - Frontera francesa,Adif,1435,contact_line,290,main,
174281358,Línia d'alta velocitat Madrid - Zaragoza - Barcelona - Frontera francesa,Adif,1435,contact_line,290,main,
47895724,Línia d'alta velocitat Madrid - Zaragoza - Barcelona - Frontera francesa,Adif,1435,contact_line,290,main,
174281346,Línia d'alta velocitat Madrid - Zaragoza - Barcelona - Frontera francesa,Adif,1435,contact_line,290,main,
161756422,Línia d'alta velocitat Madrid - Zaragoza - Barcelona - Frontera francesa,Adif,1435,contact_line,290,main,
161756421,Línia d'alta velocitat Madrid - Zaragoza - Barcelona - Frontera francesa,Adif,1435,contact_line,290,main,
161756423,Línia d'alta velocitat Madrid - Zaragoza - Barcelona - Frontera francesa,Adif,1435,contact_line,290,main,
161756424,Línia d'alta velocitat Madrid - Zaragoza - Barcelona - Frontera francesa,Adif,1435,contact_line,290,main,
174281327,Línia d'alta velocitat Madrid - Zaragoza - Barcelona - Frontera francesa,Adif,1435,contact_line,290,main,
174281336,Línia d'alta velocitat Madrid - Zaragoza - Barcelona - Frontera francesa,Adif,1435,contact_line,290,main,
200155395,Línia d'alta velocitat Madrid - Zaragoza - Barcelona - Frontera francesa,Adif,1435,contact_line,290,main,
200155398,Línia d'alta velocitat Madrid - Zaragoza - Barcelona - Frontera francesa,Adif,1435,contact_line,290,main,
174281383,Línia d'alta velocitat Madrid - Zaragoza - Barcelona - Frontera francesa,Adif,1435,contact_line,290,main,
174281325,Línia d'alta velocitat Madrid - Zaragoza - Barcelona - Frontera francesa,Adif,1435,contact_line,290,main,
174281326,Línia d'alta velocitat Madrid - Zaragoza - Barcelona - Frontera francesa,Adif,1435,contact_line,290,main,
174281395,Línia d'alta velocitat Madrid - Zaragoza - Barcelona - Frontera francesa,Adif,1435,contact_line,290,main,
136228451,Línia d'alta velocitat Madrid - Zaragoza - Barcelona - Frontera francesa,Adif,1435,contact_line,290,main,
136228452,Línia d'alta velocitat Madrid - Zaragoza - Barcelona - Frontera francesa,Adif,1435,contact_line,290,main,
218565939,Línia d'alta velocitat Madrid - Zaragoza - Barcelona - Frontera francesa,Adif,1435,contact_line,290,main,
218565940,Línia d'alta velocitat Madrid - Zaragoza - Barcelona - Frontera francesa,Adif,1435,contact_line,290,main,
200155410,Línia d'alta velocitat Madrid - Zaragoza - Barcelona - Frontera francesa,Adif,1435,contact_line,290,main,
200155412,Línia d'alta velocitat Madrid - Zaragoza - Barcelona - Frontera francesa,Adif,1435,contact_line,290,main,
53049132,Línia d'alta velocitat Madrid - Zaragoza - Barcelona - Frontera francesa,Adif,1435,contact_line,290,main,
90571426,Línia d'alta velocitat Madrid - Zaragoza - Barcelona - Frontera francesa,Adif,1435,contact_line,290,main,
215478746,Línia d'alta velocitat Madrid - Zaragoza - Barcelona - Frontera francesa,Adif,1435,contact_line,290,main,
215478747,Línia d'alta velocitat Madrid - Zaragoza - Barcelona - Frontera francesa,Adif,1435,contact_line,290,main,
151872541,Línia d'alta velocitat Madrid - Zaragoza - Barcelona - Frontera francesa,Adif,1435,contact_line,290,main,
151872548,Línia d'alta velocitat Madrid - Zaragoza - Barcelona - Frontera francesa,Adif,1435,contact_line,290,main,
200155407,Línia d'alta velocitat Madrid - Zaragoza - Barcelona - Frontera francesa,Adif,1435,contact_line,290,main,
200155411,Línia d'alta velocitat Madrid - Zaragoza - Barcelona - Frontera francesa,Adif,1435,contact_line,290,main,
802235182,Línia d'alta velocitat Madrid - Zaragoza - Barcelona - Frontera francesa,Adif,1435,contact_line,290,main,
223533767,Línia d'alta velocitat Madrid - Zaragoza - Barcelona - Frontera francesa,Adif,1435,contact_line,290,main,
333986489,Línia d'alta velocitat Madrid - Zaragoza - Barcelona - Frontera francesa,Adif,1435,contact_line,290,main,
223533776,Línia d'alta velocitat Madrid - Zaragoza - Barcelona - Frontera francesa,Adif,1435,contact_line,290,main,
256143005,Línia d'alta velocitat Madrid - Zaragoza - Barcelona - Frontera francesa,Adif,1435,contact_line,290,main,
200155538,FFCC Figueres-Vilafant - Vilamalla,Adif,1435,contact_line,,main,
333986492,FFCC Figueres-Vilafant - Vilamalla,Adif,1435,contact_line,,main,
200161775,FFCC Figueres-Vilafant - Vilamalla,Adif,1435,contact_line,,main,
256142994,FFCC Figueres-Vilafant - Vilamalla,Adif,1435,contact_line,,main,
200155533,FFCC Figueres-Vilafant - Vilamalla,Adif,1435,contact_line,,main,
200155534,FFCC Figueres-Vilafant - Vilamalla,Adif,1435,contact_line,,main,
1134231533,FFCC Figueres-Vilafant - Vilamalla,Adif,1435;1668,contact_line,,main,
490345005,FFCC Figueres-Vilafant - Vilamalla,Adif,1435;1668,contact_line,,main,
151872551,FFCC Figueres-Vilafant - Vilamalla,Adif,1435;1668,contact_line,,main,
151872556,FFCC Figueres-Vilafant - Vilamalla,Adif,1435;1668,contact_line,,main,
151872553,FFCC Figueres-Vilafant - Vilamalla,Adif,1435;1668,contact_line,,main,
151872561,FFCC Figueres-Vilafant - Vilamalla,Adif,1435;1668,contact_line,,main,
84515035,FFCC Figueres-Vilafant - Vilamalla,Adif,1435;1668,contact_line,,main,
240237916,FFCC Figueres-Vilafant - Vilamalla,Adif,1435;1668,contact_line,,main,
240237917,FFCC Figueres-Vilafant - Vilamalla,Adif,1435;1668,contact_line,,main,
90571428,FFCC Figueres-Vilafant - Vilamalla,Adif,1435;1668,contact_line,,main,
1136135009,FFCC Figueres-Vilafant - Vilamalla,Adif,1435;1668,contact_line,130,main,
391822860,,,1668,contact_line,,main,
53030496,FFCC Cerbère - Barcelona,Adif,1668,contact_line,140,main,
105225610,FFCC Cerbère - Barcelona,Adif,1668,contact_line,140,main,
105225604,FFCC Cerbère - Barcelona,Adif,1668,contact_line,140,main,
105225584,FFCC Cerbère - Barcelona,Adif,1668,contact_line,140,main,
1132971422,FFCC Cerbère - Barcelona,Adif,1668,contact_line,140,main,
1132971424,FFCC Cerbère - Barcelona,Adif,1668,contact_line,105,main,
105225594,FFCC Cerbère - Barcelona,Adif,1668,contact_line,140,main,
41235757,FFCC Cerbère - Barcelona,Adif,1668,contact_line,140,main,
391819004,FFCC Cerbère - Barcelona,Adif,1668,contact_line,140,main,
803111063,FFCC Cerbère - Barcelona,Adif,1668,contact_line,140,main,
803111066,FFCC Cerbère - Barcelona,Adif,1668,contact_line,90,main,
1132971426,FFCC Cerbère - Barcelona,Adif,1668,contact_line,90,main,
722794908,FFCC Cerbère - Barcelona,Adif,1668,contact_line,140,main,
722794909,FFCC Cerbère - Barcelona,Adif,1668,contact_line,140,main,
99589681,FFCC Cerbère - Barcelona,Adif,1668,contact_line,140,main,
178263639,FFCC Cerbère - Barcelona,Adif,1668,contact_line,140,main,
178263637,FFCC Cerbère - Barcelona,Adif,1668,contact_line,140,main,
178272765,FFCC Cerbère - Barcelona,Adif,1668,contact_line,140,main,
178272766,FFCC Cerbère - Barcelona,Adif,1668,contact_line,140,main,
1133508015,FFCC Cerbère - Barcelona,Adif,1668,contact_line,115,main,
1133508014,FFCC Cerbère - Barcelona,Adif,1668,contact_line,130,main,
224132856,FFCC Cerbère - Barcelona,Adif,1668,contact_line,130,main,
391819097,FFCC Cerbère - Barcelona,Adif,1668,contact_line,130,main,
1133508018,FFCC Cerbère - Barcelona,Adif,1668,contact_line,110,main,
590226358,FFCC Cerbère - Barcelona,Adif,1668,contact_line,110,main,
590226362,FFCC Cerbère - Barcelona,Adif,1668,contact_line,110,main,
224132864,FFCC Cerbère - Barcelona,Adif,1668,contact_line,110,main,
160931372,FFCC Cerbère - Barcelona,Adif,1668,contact_line,125,main,
160931373,FFCC Cerbère - Barcelona,Adif,1668,contact_line,125,main,
169011774,FFCC Cerbère - Barcelona,Adif,1668,contact_line,125,main,
169011773,FFCC Cerbère - Barcelona,Adif,1668,contact_line,125,main,
169011771,FFCC Cerbère - Barcelona,Adif,1668,contact_line,125,main,
1133508020,FFCC Cerbère - Barcelona,Adif,1668,contact_line,125,main,
169011775,FFCC Cerbère - Barcelona,Adif,1668,contact_line,90,main,
202321080,FFCC Cerbère - Barcelona,Adif,1668,contact_line,90,main,
202321079,FFCC Cerbère - Barcelona,Adif,1668,contact_line,90,main,
176515453,FFCC Cerbère - Barcelona,Adif,1668,contact_line,90,main,
176515460,FFCC Cerbère - Barcelona,Adif,1668,contact_line,90,main,
176515459,FFCC Cerbère - Barcelona,Adif,1668,contact_line,90,main,
176515462,FFCC Cerbère - Barcelona,Adif,1668,contact_line,125,main,
176510574,FFCC Cerbère - Barcelona,Adif,1668,contact_line,125,main,
176510573,FFCC Cerbère - Barcelona,Adif,1668,contact_line,125,main,
391819009,FFCC Cerbère - Barcelona,Adif,1668,contact_line,125,main,
224135591,FFCC Cerbère - Barcelona,Adif,1668,contact_line,70,main,
552883281,FFCC Cerbère - Barcelona,Adif,1668,contact_line,70,main,
552883279,FFCC Cerbère - Barcelona,Adif,1668,contact_line,70,main,
1133508022,FFCC Cerbère - Barcelona,Adif,1668,contact_line,70,main,
224135587,FFCC Cerbère - Barcelona,Adif,1668,contact_line,100,main,
1133508023,FFCC Cerbère - Barcelona,Adif,1668,contact_line,85,main,
162592111,FFCC Cerbère - Barcelona,Adif,1668,contact_line,100,main,
162592107,FFCC Cerbère - Barcelona,Adif,1668,contact_line,130,main,
182383430,FFCC Cerbère - Barcelona,Adif,1668,contact_line,130,main,
182383429,FFCC Cerbère - Barcelona,Adif,1668,contact_line,130,main,
72543320,Pont de Colera,Adif,1668,contact_line,130,main,
391819108,FFCC Cerbère - Barcelona,Adif,1668,contact_line,110,main,
1133508026,FFCC Cerbère - Barcelona,Adif,1668,contact_line,95,main,
72543345,FFCC Cerbère - Barcelona,Adif,1668,contact_line,95,main,
168520803,FFCC Cerbère - Barcelona,Adif,1668,contact_line,95,main,
1133508028,FFCC Cerbère - Barcelona,Adif,1668,contact_line,95,main,
1136135005,FFCC Cerbère - Barcelona,Adif,1668,contact_line,95,main,
391819093,FFCC Cerbère - Barcelona,Adif,1668,contact_line,40,main,
723527563,FFCC Cerbère - Barcelona,Adif,1668,contact_line,40,main,
1173826609,FFCC Cerbère - Barcelona,Adif,1668,contact_line,40,main,
723527566,FFCC Cerbère - Barcelona,Adif,1668,contact_line,40,main,
1109610853,FFCC Cerbère - Barcelona,Adif,1668,contact_line,40,main,
239914340,FFCC Cerbère - Barcelona,Adif,1668,contact_line,40,main,
